ID;Weight;Value;Ratio;Opt;Heur;Capacity:;35
1;10;0.151898734;1.518987342;0;1;;
2;2;0.037974684;1.898734177;0;1;;
3;5;0.126582278;2.53164557;1;1;;
4;10;0.126582278;1.265822785;0;0;;
5;8;0.113924051;1.424050633;1;0;;
6;6;0.088607595;1.476793249;1;0;;
7;2;0.088607595;4.430379747;1;1;;
8;4;0.012658228;0.316455696;0;0;;
9;3;0.088607595;2.953586498;1;1;;
10;10;0.164556962;1.64556962;1;1;;
